addressNumber,districtCode,altitude,stationType,address,zipCode,location/lat,location/lon,districtName,name,nearbyStations/0,id,nearbyStations/1,nearbyStations/2,nearbyStations/3
S/N,,,"BIKE,TPV",DR. ANDRADE ARCOS DE BELÉN,,19.426611,-99.14447,,448 DR. ANDRADE - ARCOS DE BELÉN,448,448,,,
S/N,1,,BIKE,443 - Bruno Trave-Avenida México-Coyoacan,3340,19.359655,-99.162025,Ampliación Granada,443 BRUNO TRAVEN-GOLONDRINAS,432,443,442,444,
S/N,1,,BIKE,416 - Recreo-Parroquía,3104,19.371308,-99.177607,Ampliación Granada,416 RECREO-PARROQUÍA,390,416,391,415,
S/N,1,,BIKE,437 - Moras-Comunal,3240,19.36480833,-99.17602222,Ampliación Granada,437 MORAS-COMUNAL,423,437,436,438,
S/N,1,,BIKE,438 - Adolfo Prieto-José María Olloqui,3240,19.36479722,-99.17458333,Ampliación Granada,438 ADOLFO PRIETO-JOSÉ MARÍA OLLOQUI,434,438,435,437,
S/N,1,,BIKE,440 - Real De Mayorazgo-Puente Xoco,3330,19.36065,-99.168669,Ampliación Granada,440 REAL DE MAYORAZGO-PUENTE XOCO,433,440,439,441,
S/N,1,,"BIKE,TPV",347 - Pennsylvania-Maximino Avila Camacho,3710,19.384378,-99.176097,Ampliación Granada,347 PENNSYLVANIA-MAXIMINO AVILA CAMACHO,334,347,346,348,
S/N,1,,BIKE,350 - Jose Clemente Orozco-Correggio,3710,19.384062,-99.181482,Ampliación Granada,350 JOSE CLEMENTE OROZCO-CORREGGIO,349,350,352,,
S/N,1,,BIKE,356 - Matias Romero -Adolfo Prieto,3100,19.381292,-99.170171,Ampliación Granada,356 MATIAS ROMERO -ADOLFO PRIETO,355,356,357,372,
S/N,1,,BIKE,361 - Porfirio Díaz-Av. Insurgentes,3100,19.3804457,-99.1762233,Ampliación Granada,361 PORFIRIO DÍAZ-AV. INSURGENTES,354,361,369,370,
S/N,1,,BIKE,368 - Porfirio Díaz-Cincinatti,3740,19.379246,-99.179344,Ampliación Granada,368 PORFIRIO DÍAZ-CINCINATTI ,366,368,367,369,
S/N,1,,"BIKE,TPV",369 - Porfirio Díaz-Av. Insurgentes,3740,19.379884,-99.177478,Ampliación Granada,369 PORFIRIO DÍAZ-AV. INSURGENTES,367,369,368,,
S/N,1,,"BIKE,TPV",372 - Dr. Roberto Gayol-Tlacoquemecatl,3104,19.37797,-99.170289,Ampliación Granada,372 DR. ROBERTO GAYOL-TLACOQUEMECATL,373,372,378,379,
S/N,1,,BIKE,379 - Dr. Roberto Gayol-Miguel Laurent,3104,19.375751,-99.17084,Ampliación Granada,379 DR. ROBERTO GAYOL-MIGUEL LAURENT,378,379,380,395,
S/N,1,,"BIKE,TPV",402 - Uxmal-Municipio Libre,3310,19.3709452,-99.1587223,Ampliación Granada,402 UXMAL-MUNICIPIO LIBRE,401,402,403,405,
S/N,1,,"BIKE,TPV",003 - Reforma - Insurgentes,06500,19.431655,-99.158668,Ampliación Granada,3 REFORMA-INSURGENTES,8,3,20,86,
S/N,1,,BIKE,012 - Río Lerma - Villalongin,06500,19.432313,-99.161597,Ampliación Granada,12 RIO LERMA-VILLALONGIN,11,12,19,20,85
S/N,1,,"BIKE,TPV",013 - Reforma - Rio Rodano,06500,19.423778,-99.175558,Ampliación Granada,13 REFORMA-RIO RODANO,7,13,14,21,
S/N,1,,BIKE,016 - Reforma - Rio Guadalquivir,06500,19.42653,-99.169164,Ampliación Granada,16 REFORMA-RIO GUADALQUIVIR,9,16,23,24,
S/N,1,,"BIKE,TPV",017 - Reforma - Rio Tiber,06500,19.427501,-99.167125,Ampliación Granada,17 REFORMA-RIO TIBER,16,17,18,25,
S/N,1,,"BIKE,TPV",019 - Reforma - Rio Neva,06500,19.43001,-99.161675,Ampliación Granada,19 REFORMA-RIO NEVA,12,19,20,27,
S/N,1,,"BIKE,TPV",021 - Reforma - Lieja,06500,19.423317,-99.175124,Ampliación Granada,21 REFORMA-LIEJA,7,21,13,14,28
S/N,1,,"BIKE,TPV",036 - Puebla - Veracruz,06140,19.419725,-99.175778,Ampliación Granada,36 PUEBLA-VERACRUZ,37,36,41,44,
S/N,1,,"BIKE,TPV",047 - Glorieta Cibeles - Oaxaca,06700,19.419515,-99.166299,Ampliación Granada,47 GLORIETA CIBELES-OAXACA,42,47,51,56,
S/N,1,,"BIKE,TPV",041 - Reforma - Av. de la República,06700,19.435637,-99.150137,Ampliación Granada,41 REFORMA-AV. DE LA REPUBLICA,29,41,,,
S/N,1,,"BIKE,TPV",055 - 5 de Mayo - Bolívar,06700,19.434356,-99.138064,Ampliación Granada,55 5 DE MAYO-BOLIVAR,65,55,87,88,
S/N,1,,BIKE,057 - Cuernavaca - Juan Escutia,06140,19.414903,-99.17495,Ampliación Granada,57 CUERNAVACA-JUAN ESCUTIA,48,57,49,50,62
S/N,1,,BIKE,066 - Mazatlán - Francisco Marquez,06170,19.411402,-99.178666,Ampliación Granada,66 MAZATLAN-FRANCISCO MARQUEZ,65,66,72,,
S/N,1,,BIKE,074 - Nuevo León - Ozulama,06100,19.410343,-99.172831,Ampliación Granada,74 NUEVO LEON-OZULAMA,63,74,68,,
S/N,1,,"BIKE,TPV",063 - Nuevo León - Laredo,06100,19.413681,-99.171531,Ampliación Granada,63 NUEVO LEON- LAREDO,76,63,77,,
S/N,1,,"BIKE,TPV",070 - Parque México - Michoacan,06100,19.411272,-99.169718,Ampliación Granada,70 PARQUE MEXICO-MICHOACAN,69,70,76,,
S/N,1,,BIKE,088 - 2a Cerrada de 5 de Mayo - Palma,,19.433815,-99.135303,Ampliación Granada,88 2A CDA 5 DE MAYO-PALMA,55,88,89,,
S/N,1,,BIKE,072 - Mazatlán - Alfonso Reyes,06170,19.409893,-99.179544,Ampliación Granada,72 MAZATLAN-ALFONSO REYES,65,72,66,75,
S/N,1,,"BIKE,TPV",086 - Sullivan-Insurgentes,06470,19.432378,-99.159077,Ampliación Granada,86 SULLIVAN-INSURGENTES,12,86,20,,
S/N,1,,BIKE,102 - Echeveste-Bolivar,,19.42821,-99.13949,Ampliación Granada,102 ECHEVESTE-BOLIVAR,101,102,104,109,
S/N,1,,BIKE,110 - Dr. Valenzuela-Dr. Río de la loza,,19.42513,-99.14339,Ampliación Granada,110 DR. VALENZUELA-DR. RÍO DE LA LOZA,107,110,108,122,
S/N,1,,BIKE,111 GUILLERMO PRIETO-JOAQUÍN VELÁZQUEZ DE LEÓN,,19.438371,-99.166474,Ampliación Granada,111 GUILLERMO PRIETO-JOAQUÍN VELÁZQUEZ DE LEÓN,103,111,160,183,
S/N,1,,BIKE,112 - Av. Morelos-Abraham González,06500,19.432819,-99.151734,Ampliación Granada,112 AV. MORELOS-ABRAHAM GONZALEZ,98,112,113,114,
S/N,1,,BIKE,123 - Claudio Bernard-Dr. Lavista,06500,19.424161,-99.153117,Ampliación Granada,123 CLAUDIO BERNARD-DR. LAVISTA,124,123,133,,
S/N,1,,BIKE,150 - Campeche-Medellín,,19.409965,-99.164292,Ampliación Granada,150 CAMPECHE-MEDELLÍN,146,150,151,152,
S/N,1,,"BIKE,TPV",154 - Tuxpan-Tlaxcala,,19.406683,-99.167962,Ampliación Granada,154 TUXPAN-TLAXCALA,152,154,153,157,
S/N,1,,BIKE,171 - Comercio-Jose Martí,,19.402584,-99.178199,Ampliación Granada,171 COMERCIO-JOSE MARTÍ,167,171,168,173,
S/N,1,,BIKE,173 - Minería-Jose Martí,,19.401682,-99.176398,Ampliación Granada,173 MINERÍA-JOSÉ MARTÍ,168,173,169,171,
S/N,1,,"BIKE,TPV",174 - Joaquín Garcia-Ignacio Manuel Altamirano,,19.44111,-99.16164,Ampliación Granada,174 JOAQUÍN GARCIA-IGNACIO MANUEL ALTAMIRANO,160,174,183,254,
S/N,1,,BIKE,204 - Temistocles-Homero,11510,19.435882,-99.19152,Ampliación Granada,204 TEMISTOCLES-HOMERO,196,204,200,245,
S/N,1,,"BIKE,TPV",197 - Miguel de Cervantes Saavedra-Ferrocarril de Cuernavaca,,19.440077,-99.204316,Ampliación Granada,197 MIGUEL DE CERVANTES-FC DE CUERNAVACA,197,197,,,
S/N,1,,BIKE,227 - Campos Elíseos-Periférico,,19.431791,-99.207373,Ampliación Granada,227 CAMPOS ELÍSEOS-PERIFÉRICO,213,227,219,220,
S/N,1,,BIKE,181 - Benjamin Franklin-Saltillo,,19.404976,-99.175095,Ampliación Granada,181 BENJAMIN FRANKLIN-SALTILLO,168,181,169,179,
S/N,1,,BIKE,232 - Taine -  Rubén Darío,,19.42894,-99.185389,Ampliación Granada,232 TAINE-RUBEN DARÍO ,224,232,225,226,
S/N,1,,"BIKE,TPV",237 - Andrés Bello-Elliot,,19.426744,-99.193986,Ampliación Granada,237 ANDRÉS BELLO-ELLIOT ,193,237,234,238,
S/N,1,,BIKE,238 - Andrés Bello-Elliot,,19.426765,-99.193752,Ampliación Granada,238 ANDRÉS BELLO-ELLIOT ,193,238,234,237,
S/N,1,,BIKE,234 - Tres Picos-Arquímides,,19.42783,-99.191539,Ampliación Granada,234 TRES PICOS-ARQUÍMIDES ,192,234,193,231,
S/N,1,,BIKE,243 - Miguel de Cervantes Saavedra-Lago Filt,11510,19.440839,-99.196712,Ampliación Granada,243 MIGUEL DE CERVANTES SAAVEDRA-LAGO FILT ,199,243,242,244,
S/N,1,,BIKE,248 - Shakespeare-Lafayette,11510,19.43175,-99.177399,Ampliación Granada,248 SHAKESPEARE-LAFAYETTE ,246,248,247,249,
S/N,1,,"BIKE,TPV",250 - Darwin-Mariano Escobedo,11510,19.429057,-99.17966,Ampliación Granada,250 DARWIN-MARIANO ESCOBEDO ,239,250,249,252,
S/N,1,,"BIKE,TPV",253 - Dante-Tolstoi,11510,19.425835,-99.177924,Ampliación Granada,253 DANTE-TOLSTOI ,195,253,252,261,
S/N,1,,BIKE,255-Jose Rosas Moreno-Guillermo Prieto,,19.437159,-99.161808,Ampliación Granada,255 JOSE ROSAS MORENO-GUILLERMO PRIETO ,160,255,183,257,
S/N,1,,BIKE,259 - Tómas Alva Edison-Ponciano Arriaga,,19.43757,-99.15468,Ampliación Granada,259 TÓMAS ALVA EDISON-PONCIANO ARRIAGA ,256,259,,,
S/N,1,,BIKE,261 Paseo de la Reforma-Río Ródano,,19.423704,-99.175196,Ampliación Granada,261 PASEO DE LA REFORMA-RÍO RÓDANO ,195,261,252,253,
S/N,1,,BIKE,264 - H. Ferrocarrileros - Jesús Garcia ,,19.440985,-99.152935,Ampliación Granada,264 HÉROES FERROCARRILEROS-AV. CENTRAL,265,264,266,268,
S/N,1,,"BIKE,TPV",265 - Jesús Garcia-Héroes Ferrocarrileros,,19.440839,-99.152265,Ampliación Granada,265 HÉROES FERROCARRILEROS-JESÚS GARCIA,264,265,275,,
S/N,1,,BIKE,273 Luis Donaldo Colosio - Av. Jesus Garcia,,19.442707,-99.152956,Ampliación Granada,273 LUIS DONALDO COLOSIO-AV. CENTRAL,176,273,268,274,
S/N,1,,BIKE,277 - Ampliación Tonalá-Obrero Mundial,3020,19.401807,-99.15909,Ampliación Granada,277 AMPLIACIÓN TONALÁ-OBRERO MUNDIAL,165,277,276,280,
S/N,1,,BIKE,278 - Mier Y Pesado-Obrero Mundial,3103,19.40071,-99.163831,Ampliación Granada,278 MIER Y PESADO-OBRERO MUNDIAL,164,278,279,282,
S/N,1,,BIKE,271 Av. Jesús García - J. Meneses,,19.442689,-99.152465,Ampliación Granada,271 AV. CENTRAL-J. MENESES ,266,271,267,272,
S/N,1,,BIKE,283 - Av. Coyoacán-Rafael Donde,3103,19.39827,-99.167383,Ampliación Granada,283 AV. COYOACÁN-RAFAEL DONDE,279,283,292,293,
S/N,1,,BIKE,288 - 11 De Abril-Avenida 2,3800,19.396333,-99.183575,Ampliación Granada,288 11 DE ABRIL-AVENIDA 2,287,288,310,311,
S/N,1,,"BIKE,TPV",305 - Avenida Del Parque-Arizona,3810,19.394693,-99.175531,Ampliación Granada,305 AVENIDA DEL PARQUE-ARIZONA,304,305,306,307,
S/N,1,,BIKE,308 - Nueva York-Arizona,3810,19.393594,-99.178072,Ampliación Granada,308 NUEVA YORK-ARIZONA,306,308,307,309,
S/N,1,,BIKE,310 - Calle 1-Av. Patriotismo,3800,19.395319,-99.181733,Ampliación Granada,310 CALLE 1-AV. PATRIOTISMO,309,310,311,312,
S/N,1,,BIKE,311 - Calle 5-Avenida Revolución,3800,19.393665,-99.185391,Ampliación Granada,311 CALLE 5-AVENIDA REVOLUCIÓN,310,311,312,328,
S/N,1,,BIKE,313 - Pennsylvania-Oklahoma,3810,19.391431,-99.178989,Ampliación Granada,313 PENNSYLVANIA-OKLAHOMA,308,313,309,314,
S/N,1,,BIKE,321 - Torres Adalid-Anaxágoras,3020,19.389477,-99.157513,Ampliación Granada,321 TORRES ADALID-ANAXÁGORAS,320,321,322,340,
S/N,1,,BIKE,322 - Heriberto Frías-Concepción Beistegui,3020,19.388528,-99.160616,Ampliación Granada,322 HERIBERTO FRÍAS-CONCEPCIÓN BEISTEGUI,321,322,323,339,
S/N,1,,BIKE,325 - Providencia -Avenida Del Valle,3100,19.3881779,-99.1696894,Ampliación Granada,325 PROVIDENCIA -AVENIDA DEL VALLE,316,325,335,336,
S/N,2,,BIKE,251 - Goethe-Darwin,11510,19.429261,-99.17538,Anzures,251 GOETHE-DARWIN ,248,251,249,252,
S/N,2,,BIKE,252 - Víctor Hugo-Shakespeare,11510,19.427575,-99.17702,Anzures,252 VICTOR HUGO-SHAKESPEARE ,249,252,251,253,
S/N,2,,BIKE,249 - Shakespeare-Darwin,11510,19.429877,-99.177569,Anzures,249 SHAKESPEARE-DARWIN ,248,249,250,251,
S/N,2,,BIKE,246 - Leibnitz-Thiers,11510,19.434147,-99.179835,Anzures,246 LEIBNITZ-THIERS,207,246,247,248,
S/N,2,,BIKE,247 - Herschel-Rousseau,11510,19.432102,-99.180565,Anzures,247 HERSCHEL-ROUSSEAU ,226,247,239,246,
S/N,2,,BIKE,452 LEIBNITZ-AV. EJERCITO NACIONAL,,19.435031,-99.179838,Anzures,452 LEIBNITZ-AV. EJERCITO NACIONAL,452,452,,,
S/N,ACA,,BIKE,439 - Amores-Avenida Coyoacán,3240,19.36218889,-99.17246667,Acacias,439 AMORES-AVENIDA COYOACÁN,433,439,434,438,
S/N,ACA,,BIKE,436 - Rodriguez Saro-Bufallo,3240,19.366217,-99.177819,Acacias,436 RODRIGUEZ SARO-BUFALLO,422,436,423,437,
S/N,ACA,,BIKE,423 - Moras-José María Rico (Eje 8),3240,19.367631,-99.175342,Acacias,423 MORAS-JOSÉ MARÍA RICO (EJE 8),422,423,436,437,
S/N,ACT,,BIKE,435 - Rodriguez Saro-Avenida Coyoacán,3230,19.365154,-99.172906,Actipan,435 RODRIGUEZ SARO-AVENIDA COYOACÁN,433,435,434,438,
S/N,ACT,,BIKE,420 - María Luz Bringas-Oso,3230,19.369723,-99.17964,Actipan,420 MARÍA LUZ BRINGAS-OSO,418,420,419,421,
S/N,ACT,,BIKE,421 - María Luz Bringas-Oso,3230,19.369467,-99.179401,Actipan,421 MARÍA LUZ BRINGAS-OSO,419,421,420,422,
S/N,ACT,,BIKE,422 - Bufalo-José María Rico (Eje 8),3230,19.368356,-99.177487,Actipan,422 BUFALO-JOSÉ MARÍA RICO (EJE 8),421,422,423,436,
S/N,AMN,,BIKE,349 - Augusto Rodin-Avenida San Antonio,3840,19.385688,-99.180857,Ampliación Nápoles,349 AUGUSTO RODIN-AVENIDA SAN ANTONIO,332,349,348,350,
S/N,AMN,,BIKE,334 - Nuerva York-Av. Insurgentes,3840,19.386568,-99.175089,Ampliación Nápoles,334 NUEVA YORK-AV. INSURGENTES,326,334,335,346,
S/N,AMN,,BIKE,326 - Eugenia-Nebraska,3840,19.388978,-99.174811,Ampliación Nápoles,326 EUGENIA-NEBRASKA,327,326,334,335,
S/N,BUE,,"BIKE,TPV",266 - Av. Jesús Garcia -  Carlos J. Meneses,,19.444031,-99.152187,Buenavista,266 AV. JESÚS GARCIA-CARLOS J. MENESES ,267,266,268,269,
S/N,BUE,,BIKE,267 - Carlos J. Meneses - Av. jesús García,,19.443735,-99.152203,Buenavista,267 AV. JESÜS GARCÏA-CARLOS J. MENESES,176,267,266,271,
S/N,BUE,,BIKE,268 Luis Donaldo Colosio - Av. Jesus Garcia,,19.442448,-99.151586,Buenavista,268 LUIS DONALDO COLOSIO-AV.JESÚS GARCÍA ,176,268,269,273,
S/N,BUE,,BIKE,269 Luis Donaldo Colosio - Aldama,,19.442467,-99.151658,Buenavista,269 LUIS DONALDO COLOSIO-ALDAMA ,176,269,268,273,
S/N,BUE,,BIKE,271 Av. Jesus Garcia - J. Meneses,,19.443467,-99.152491,Buenavista,272 AV. CENTRAL-J. MENESES ,266,272,267,271,
S/N,BUE,,BIKE,274 Luis Donaldo Colosio - Av. Insurgentes Norte,,19.442772,-99.153289,Buenavista,274 LUIS DONALDO COLOSIO-AV INSURGENTES NORTE ,176,274,268,273,
S/N,BUE,,BIKE,275 Héroes Ferrocarrileros - Av. Jesús García,,19.441062,-99.153164,Buenavista,275 HÉROES FERROCARRILEROS-AV. INSURGENTES NORTE,264,275,265,,
S/N,BUE,,BIKE,176-LUIS DONALDO COLOSIO - AV. JESÜS GARCÏA,,19.442689,-99.152286,Buenavista,176 AV. JESÜS GARCÏA-LUIS DONALDO COLOSIO,266,176,267,272,
S/N,CDD,,BIKE,348 - Indiana-Avenida San Antonio,3710,19.385365,-99.178216,Ciudad de los Deportes,348 INDIANA-AVENIDA SAN ANTONIO,347,348,349,350,
S/N,CDD,,BIKE,362 - Augusto Rodin-Alberto Balderas,3710,19.382207,-99.181043,Ciudad de los Deportes,362 AUGUSTO RODIN-ALBERTO BALDERAS,367,362,368,,
S/N,CDD,,BIKE,363 - Holbein-Paulo Ucello,3710,19.380813,-99.183851,Ciudad de los Deportes,363 HOLBEIN-PAULO UCELLO,362,363,365,367,
S/N,CDD,,"BIKE,TPV",353 - Carolina-Holbein,3710,19.382168,-99.178808,Ciudad de los Deportes,353 CAROLINA-HOLBEIN,354,353,361,362,
S/N,CEN,,"BIKE,TPV",262 - Republica de Cuba-Republica de Brasil,,19.43693,-99.13395,Centro,262 REPUBLICA DE CUBA-REPUBLICA DE BRASIL ,91,262,92,93,
S/N,CEN,,BIKE,260 - Av. Juárez-Balderas,,19.435354,-99.147742,Centro,260 AV JUAREZ-BALDERAS ,29,260,41,43,
S/N,CEN,,BIKE,105 - San Jerónimo-5 de Febrero,06500,19.426755,-99.135014,Centro,105 SAN JERONIMO-5 DE FEBRERO,101,105,104,106,
S/N,CEN,,BIKE,106 - San Jerónimo-José María Pino Suarez,06500,19.42649,-99.133537,Centro,106 SAN JERONIMO-JOSE MARIA PINO SUAREZ,100,106,101,105,
S/N,CEN,,BIKE,107 - Tolsa-Balderas,06500,19.427329,-99.149971,Centro,107 TOLSA-BALDERAS,98,107,108,122,
S/N,CEN,,"BIKE,TPV",108 - Tolsa-Balderas,06500,19.427305,-99.149533,Centro,108 TOLSA-BALDERAS,98,108,107,122,
S/N,CEN,,BIKE,109 - Nezahualcóyotl-Isabel la Católica,06500,19.425311,-99.137421,Centro,109 NEZAHUALCOYOTL-ISABEL LA CATOLICA,104,109,105,106,
S/N,CEN,,BIKE,065 - Marconi - Tacuba,06170,19.436142,-99.139906,Centro,65 MARCONI-TACUBA,52,65,55,,
S/N,CEN,,"BIKE,TPV",087 - Gante - Venustiano Carranza,,19.43182,-99.13974,Centro,87 GANTE-VENUSTIANO CARRANZA,88,87,95,96,
S/N,CEN,,"BIKE,TPV",089 - República de Guatemala - Monte de Piedad,,19.434946,-99.133989,Centro,89 REPUBLICA DE GUATEMALA-MONTE DE PIEDAD,88,89,90,,
S/N,CEN,,"BIKE,TPV",090 - José María Pino Suárez - Corregidora,,19.431698,-99.132446,Centro,90 JOSE MARIA PINO SUAREZ-CORREGIDORA,88,90,89,,
S/N,CEN,,BIKE,091 - Republica de Cuba-Allende,06500,19.4374,-99.137571,Centro,91 REPUBLICA DE CUBA-ALLENDE,90,91,92,93,
S/N,CEN,,BIKE,092 - San Ildefonso-República de Argentina,06500,19.436531,-99.131497,Centro,92 SAN ILDEFONSO-REPUBLICA DE ARGENTINA,90,92,91,93,
S/N,CEN,,BIKE,093 - Palma Norte-Republica de Cuba,06500,19.436741,-99.134811,Centro,93 PALMA NORTE-REPUBLICA DE CUBA,90,93,91,92,
S/N,CEN,,BIKE,94 - Lic. Verdad-Moneda,,19.433766,-99.130918,Centro,94 LIC. VERDAD-MONEDA,94,94,,,
S/N,CEN,,BIKE,095 - 20 de Noviembre-Venustiano Carranza,06500,19.430722,-99.133698,Centro,95 20 DE NOVIEMBRE-VENUSTIANO CARRANZA,93,95,96,97,
S/N,CEN,,BIKE,096 - López-Ayuntamiento,06500,19.430625,-99.14248,Centro,96 LOPEZ-AYUNTAMIENTO,98,96,,,
S/N,CEN,,"BIKE,TPV",097 - Republica de Salvador-Pino Suarez,06500,19.429189,-99.132759,Centro,97 REPUBLICA DE SALVADOR-PINO SUAREZ,90,97,100,,
S/N,CEN,,BIKE,098 - Emilio Dondé-Av. Balderas,06500,19.430267,-99.14861,Centro,98 EMILIO DONDE-AV. BALDERAS,107,98,108,,
S/N,CEN,,BIKE,99 - Ernesto Pugibet-Luis Moya,,19.42995,-99.14591,Centro,99 ERNESTO PUGIBET-LUIS MOYA,96,99,98,122,
S/N,CEN,,BIKE,100 - 20 de Noviembre-Mesones,06500,19.428485,-99.1338,Centro,100 20 DE NOVIEMBRE-MESONES,95,100,97,101,
S/N,CEN,,BIKE,1ER. CALLEJÓN DE MESONES - MESONES,,19.428366,-99.135895,Centro,101 1ER. CALLEJÓN DE MESONES-MESONES,100,101,104,105,
S/N,CEN,,"BIKE,TPV",082 - Independencia - Marroquí,06100,19.433115,-99.143686,Centro,82 INDEPENDENCIA-MARROQUI,43,82,48,,
S/N,CEN,,"BIKE,TPV",052 - Dolores - Juárez,06140,19.436236,-99.142039,Centro,52 HIDALGO-TRUJANO,43,52,,,
S/N,CEN,,BIKE,048 - Independencia - Azueta,06700,19.433686,-99.146557,Centro,48 INDEPENDENCIA-AZUETA,43,48,82,,
S/N,CEN,,"BIKE,TPV",043 - Revillagigedo - Juárez,06700,19.435228,-99.146063,Centro,43 JUAREZ-REVILLAGIGEDO,52,43,82,,
S/N,CEN,,"BIKE,TPV",029 - Reforma - Bucareli,06500,19.434913,-99.149939,Centro,29 REFORMA-BUCARELI,41,29,,,
S/N,CHA,,"BIKE,TPV",192 - Rubén Darío-Reforma,11510,19.42592,-99.190755,Bosque de Chapultepec,192 RUBEN DARIO-REFORMA,193,192,234,238,
S/N,CHA,,BIKE,193 - Rubén Darío.Reforma,11510,19.425907,-99.190733,Bosque de Chapultepec,193 RUBEN DARIO-REFORMA,192,193,234,238,
S/N,CHA,,"BIKE,TPV",194 - Av. Paseo de la Reforma-Circuito Mahatma Gandhi,11510,19.424282,-99.180334,Bosque de Chapultepec,194 CTO MAHATMA GANDHI-AV. PASEO DE LA REFORMA,195,194,253,261,
S/N,CHA,,"BIKE,TPV",195 - Circuito Mahatma Gandhi-Av. Paseo de la Reforma,,19.424926,-99.185147,Bosque de Chapultepec,195 AV. PASEO DE LA REFORMA-CTO MAHATMA GANDHI,194,195,253,261,
S/N,CON,,BIKE,258 - Circuito Interior-Juan Escutia,,19.4167,-99.1791,Condesa,258 CIRCUITO INTERIOR-JUAN ESCUTIA ,36,258,49,53,
S/N,CON,,BIKE,049 - Mazatlán - Juan de la Barrera,06140,19.416712,-99.175704,Condesa,49 MAZATLAN-JUAN DE LA BARRERA,41,49,44,50,60
S/N,CON,,BIKE,050 - Cuernavaca - Veracruz,06140,19.416938,-99.173648,Condesa,50 CUERNAVACA-VERACRUZ,44,50,49,57,58
S/N,CON,,BIKE,053 - Fernando Montes de Oca - Tula,06140,19.414773,-99.178433,Condesa,53 FERNANDO MONTES DE OCA-TULA,52,53,60,65,66
S/N,CON,,"BIKE,TPV",054 - Parque España - Sonora,06700,19.416215,-99.170825,Condesa,54 PARQUE ESPAÑA-SONORA,50,54,51,58,63
S/N,CON,,BIKE,058 - Parque España - Juan de la Barrera,06140,19.41568,-99.171793,Condesa,58 PARQUE ESPAÑA-JUAN DE LA BARRERA,50,58,54,61,63
S/N,CON,,BIKE,067 - Vicente Suárez - Michoacan,06170,19.411797,-99.17588,Condesa,67 VICENTE SUAREZ-MICHOACAN,62,67,66,68,
S/N,CON,,"BIKE,TPV",068 - Tamaulipas - Michoacan,06170,19.411556,-99.17406,Condesa,68 TAMAULIPAS-MICHOACAN,67,68,74,,
S/N,CON,,BIKE,060 - Mazatlán - Fernando Montes de Oca,06140,19.414191,-99.177123,Condesa,60 MAZATLAN-FERNANDO MONTES DE OCA,23,60,52,62,66
S/N,CON,,BIKE,062 - Fernando Montes de Oca - Amatlan,06140,19.413322,-99.175202,Condesa,62 FERNANDO MONTES DE OCA-AMATLAN,67,62,74,,
S/N,CUA,,BIKE,011 - Río Amazonas - Rio Lerma,06500,19.430992,-99.163593,Cuauhtémoc,11 RIO AMAZONAS-RIO LERMA,3,11,12,19,
S/N,CUA,,BIKE,020 - Reforma- Rio Tamesis,06500,19.430964,-99.160206,Cuauhtémoc,20 REFORMA-RIO TAMESIS,12,20,19,27,
S/N,CUA,,"BIKE,TPV",018 - Reforma - Rio Sena,06500,19.42836,-99.165543,Cuauhtémoc,18 REFORMA-RIO SENA,17,18,25,,
S/N,CUA,,BIKE,014 - Reforma - Rio de Plata,06500,19.424768,-99.173261,Cuauhtémoc,14 REFORMA-RIO DE PLATA,13,14,21,22,28
S/N,CUA,,"BIKE,TPV",015 - Reforma - Rio Mississippi,06500,19.425477,-99.171567,Cuauhtémoc,15 REFORMA-RIO MISSISSIPPI,14,15,16,22,23
S/N,CUA,,BIKE,004 - Río Nilo - Río Panuco,06500,19.428309,-99.171713,Cuauhtémoc,4 RIO NILO-RIO PANUCO,5,4,8,9,10
S/N,CUA,,BIKE,005 - Río Pánuco Río Tiber,06500,19.42972,-99.169363,Cuauhtémoc,5 RIO PANUCO-RIO TIBER,2,5,4,9,10
S/N,CUA,,BIKE,006 - Río Pánuco - Río Sena,06500,19.430922,-99.166959,Cuauhtémoc,6 RIO PANUCO-RIO SENA,1,6,3,5,10
S/N,CUA,,BIKE,007 - Río Elba - Río Lerma,06500,19.425468,-99.175166,Cuauhtémoc,7 RIO ELBA-RIO LERMA,13,7,14,21,28
S/N,CUA,,"BIKE,TPV",001 - Río Balsas-Río Sena,06500,19.433296,-99.168051,Cuauhtémoc,1 RIO BALSAS-RIO SENA,2,1,3,85,
S/N,CUA,,BIKE,002 - Río Guadalquivir - Río Balsas,06500,19.431386,-99.171695,Cuauhtémoc,2 RIO GUADALQUIVIR-RIO BALSAS,1,2,5,,
S/N,CUA,,BIKE,009 - Río Guadalquivir - Río Lerma,06500,19.428009,-99.169918,Cuauhtémoc,9 RIO GUADALQUIVIR-RIO LERMA,4,9,5,8,16
S/N,CUA,,"BIKE,TPV",104 - San Jerónimo-Isabel la Católica,06500,19.427059,-99.137116,Cuauhtémoc,104 SAN JERONIMO-ISABEL LA CATOLICA,101,104,105,109,
S/N,DOC,,BIKE,124 - Claudio Bernard-Dr. Liceaga,06500,19.422392,-99.150358,Doctores,124 CLAUDIO BERNARD-DR. LICEAGA,123,124,133,,
S/N,DOC,,BIKE,122 - José María Vértiz-Av. Dr. Río de la Loza,06500,19.425502,-99.146337,Doctores,122 JOSE MARIA VERTIZ-AV.DR. RIO DE LA LOZA,99,122,108,110,
S/N,DVC,,BIKE,357 - Matias Romero -Amores,3100,19.380598,-99.1669248,Del Valle Centro,357 MATIAS ROMERO -AMORES,356,357,358,373,
S/N,DVC,,BIKE,358 - Nicolas San Juan-Matias Romero,3100,19.380168,-99.164222,Del Valle Centro,358 NICOLAS SAN JUAN-MATIAS ROMERO ,357,358,360,373,
S/N,DVC,,"BIKE,TPV",359 - Matias Romero -Pestallozzi,3100,19.379269,-99.161169,Del Valle Centro,359 MATIAS ROMERO -PESTALLOZZI,342,359,360,374,
S/N,DVC,,BIKE,360 - Heriberto Frías-Matias Romero,3100,19.3790279,-99.1628259,Del Valle Centro,360 HERIBERTO FRÍAS-MATIAS ROMERO,358,360,359,374,
S/N,DVC,,BIKE,324 - Amores-Avenida Eugenia,3100,19.3872468,-99.1656554,Del Valle Centro,324 AMORES-AVENIDA EUGENIA,323,324,336,337,
S/N,DVC,,BIKE,343 - Enrique Rébsamen-División Del Norte,3100,19.384099,-99.160826,Del Valle Centro,343 ENRIQUE RÉBSAMEN-DIVISIÓN DEL NORTE,338,343,341,344,
S/N,DVC,,BIKE,344 - Heriberto Frías-Angel Urraza Eje 6 Sur,3100,19.382107,-99.162243,Del Valle Centro,344 HERIBERTO FRÍAS-ANGEL URRAZA EJE 6 SUR,338,344,343,358,
S/N,DVC,,BIKE,335 - Magdalena-Ameyalco,3100,19.387003,-99.173504,Del Valle Centro,335 MAGDALENA-AMEYALCO,326,335,334,346,
S/N,DVC,,BIKE,336 - San Borja-Cda. Bartoloche,3100,19.385531,-99.169673,Del Valle Centro,336 SAN BORJA-CDA. BARTOLOCHE,325,336,337,345,
S/N,DVC,,"BIKE,TPV",337 - San Borja-Martín Menlalde,3100,19.384849,-99.16704,Del Valle Centro,337 SAN BORJA-MARTÍN MENLALDE,324,337,336,338,
S/N,DVC,,BIKE,338 - Nicolas San Juan-San Borja,3100,19.384249,-99.163273,Del Valle Centro,338 NICOLAS SAN JUAN-SAN BORJA,324,338,336,337,
S/N,DVC,,BIKE,373 - Pilares-Gabriel Mancera,3100,19.377968,-99.166663,Del Valle Centro,373 PILARES-GABRIEL MANCERA,357,373,372,378,
S/N,DVC,,"BIKE,TPV",374 - Anaxágoras-Pilares,3100,19.376964,-99.161116,Del Valle Centro,374 PITÁGORAS-PILARES,359,374,375,376,
S/N,DVN,,BIKE,282 - La Morena-Eje 2 Poniente Gabriel Mancera,3103,19.398692,-99.161273,Del Valle Norte,282 LA MORENA-EJE 2 PONIENTE GABRIEL MANCERA,278,282,293,294,
S/N,DVN,,BIKE,279 - La Morena-Providencia,3103,19.399908,-99.166553,Del Valle Norte,279 LA MORENA-PROVIDENCIA,164,279,278,282,
S/N,DVN,,BIKE,323 - Concepción Beistegui-Gabriel Mancera,3103,19.389026,-99.163403,Del Valle Norte,323 CONCEPCIÓN BEISTEGUI-GABRIEL MANCERA,319,323,322,324,
S/N,DVN,,BIKE,316 - San Francisco-Concepción Beistegui,3103,19.391056,-99.1712,Del Valle Norte,316 SAN FRANCISCO-CONCEPCIÓN BEISTEGUI,301,316,302,315,
S/N,DVN,,"BIKE,TPV",317 - Avenida Coyoacán-Torres Adalid,3103,19.391456,-99.166157,Del Valle Norte,317 AVENIDA COYOACÁN-TORRES ADALID,299,317,300,318,
S/N,DVN,,BIKE,318 - Luz Saviñón-Amores,3103,19.392249,-99.164127,Del Valle Norte,318 LUZ SAVIÑÓN-AMORES,299,318,317,319,
S/N,DVN,,BIKE,319 - Diagonal San Antonio-Luz Saviñon,3103,19.391991,-99.162684,Del Valle Norte,319 DIAGONAL SAN ANTONIO-LUZ SAVIÑON,298,319,318,320,
S/N,DVN,,BIKE,291 - Magdalena-División Del Norte,3103,19.397651,-99.169946,Del Valle Norte,291 MAGDALENA-DIVISIÓN DEL NORTE,283,291,284,290,
S/N,DVN,,BIKE,292 - Adolfo Prieto-Eje 4 Sur Xola,3103,19.396917,-99.166264,Del Valle Norte,292 ADOLFO PRIETO-EJE 4 SUR XOLA,283,292,293,299,
S/N,DVN,,"BIKE,TPV",293 - Mier Y Pesado-Eje 4 Sur Xola,3103,19.397373,-99.164598,Del Valle Norte,293 MIER Y PESADO-EJE 4 SUR XOLA,283,293,292,294,
S/N,DVN,,BIKE,298 - Romero De Terreros-Gabriel Mancera,3103,19.394073,-99.16214,Del Valle Norte,298 ROMERO DE TERREROS-GABRIEL MANCERA,294,298,318,319,
S/N,DVN,,BIKE,299 - Romero De Terreros-Mier Y Pesado,3103,19.394601,-99.165054,Del Valle Norte,299 ROMERO DE TERREROS-MIER Y PESADO,292,299,298,318,
S/N,DVN,,BIKE,300 - Providencia -Luz Saviñon,3103,19.393268,-99.168333,Del Valle Norte,300 PROVIDENCIA -LUZ SAVIÑON,301,300,302,317,
S/N,DVN,,BIKE,301 - Luz Saviñón-Magdalena,3103,19.393807,-99.171133,Del Valle Norte,301 LUZ SAVIÑÓN-MAGDALENA,300,301,302,316,
S/N,DVN,,BIKE,302 - Luz Saviñon-Magdalena,3103,19.393832,-99.171466,Del Valle Norte,302 LUZ SAVIÑON-MAGDALENA,301,302,303,304,
S/N,DVS,,BIKE,377 - Heriberto Frías-Miguel Laurent,3104,19.375394,-99.16375,Del Valle Sur,377 HERIBERTO FRÍAS-MIGUEL LAURENT,373,377,376,400,
S/N,DVS,,BIKE,378 - Miguel Laurent-Amores,3104,19.375823,-99.168076,Del Valle Sur,378 MIGUEL LAURENT-AMORES,372,378,373,379,
S/N,DVS,,"BIKE,TPV",390 - Oso-Felix Cuevas,3104,19.373228,-99.17826,Del Valle Sur,390 OSO-FELIX CUEVAS,389,390,391,416,
S/N,DVS,,BIKE,391 - Oso-Felix Cuevas,3104,19.373142,-99.178283,Del Valle Sur,391 OSO-FELIX CUEVAS,389,391,390,416,
S/N,DVS,,BIKE,394 - Dr. Roberto Gayol-Felix Cuevas,3104,19.372437,-99.171592,Del Valle Sur,394 DR. ROBERTO GAYOL-FELIX CUEVAS,393,394,395,396,
S/N,DVS,,BIKE,395 - San Lorenzo-Callejón Martín Menlalde,3104,19.373742,-99.169814,Del Valle Sur,395 SAN LORENZO-CALLEJÓN MARTÍN MENLALDE,379,395,394,396,
S/N,DVS,,BIKE,396 - Martín Menlalde-Felix Cuevas,3104,19.371554,-99.170187,Del Valle Sur,396 MARTÍN MENLALDE-FELIX CUEVAS,394,396,395,413,
S/N,DVS,,BIKE,397 - San Lorenzo-Gabriel Mancera,3104,19.373194,-99.167247,Del Valle Sur,397 SAN LORENZO-GABRIEL MANCERA,398,397,399,400,
S/N,DVS,,BIKE,398 - Sanchez Azcona-Felix Cuevas,3104,19.37103,-99.16566,Del Valle Sur,398 SANCHEZ AZCONA-FELIX CUEVAS,397,398,399,400,
S/N,DVS,,BIKE,399 - Heriberto Frías-San Lorenzo,3104,19.372407,-99.164519,Del Valle Sur,399 HERIBERTO FRÍAS-SAN LORENZO,397,399,398,400,
S/N,DVS,,BIKE,400 - San Lorenzo-Heriberto Frias,3104,19.3726458,-99.1642743,Del Valle Sur,400 SAN LORENZO-HERIBERTO FRIAS,397,400,398,399,
S/N,DVS,,BIKE,433 - Jose María Olloqui-Lopéz Costilla,3104,19.363558,-99.170819,Del Valle Sur,433 JOSE MARÍA OLLOQUI-LOPÉZ COSTILLA,434,433,435,439,
S/N,DVS,,"BIKE,TPV",434 - Jose María Olloqui-Amores,3104,19.363776,-99.171498,Del Valle Sur,434 JOSE MARÍA OLLOQUI-AMORES,433,434,435,439,
S/N,DVS,,BIKE,424 - Amores-José María Rico (Eje 8),3104,19.367208,-99.170531,Del Valle Sur,424 AMORES-JOSÉ MARÍA RICO (EJE 8),413,424,425,435,
S/N,DVS,,BIKE,425 - Nicolas San Juan-Avenida Universidad,3104,19.367087,-99.16741,Del Valle Sur,425 NICOLAS SAN JUAN-AVENIDA UNIVERSIDAD,411,425,412,426,
S/N,DVS,,BIKE,413 - Parroquia-Avenida Coyoacán,3104,19.369782,-99.171906,Del Valle Sur,413 PARROQUIA-AVENIDA COYOACÁN,396,413,414,424,
S/N,DVS,,BIKE,414 - Parroquia-José Ignacio Bartolache,3104,19.370187,-99.173712,Del Valle Sur,414 PARROQUIA-JOSÉ IGNACIO BARTOLACHE,413,414,415,423,
S/N,DVS,,BIKE,415 - San Francisco-Parroquía,3104,19.371498,-99.17602,Del Valle Sur,415 SAN FRANCISCO-PARROQUÍA,391,415,414,416,
S/N,ESC,,BIKE,285 - 12 De Octubre-Mineria,11800,19.399688,-99.177524,Escandón,285 12 DE OCTUBRE-MINERIA,171,285,173,286,
S/N,ESC,,BIKE,286 - 13 De Septiembre-Avenida Patriotismo,11800,19.399201,-99.179943,Escandón,286 13 DE SEPTIEMBRE-AVENIDA PATRIOTISMO,171,286,285,287,
S/N,ESC,,BIKE,287 - 13 De Septiembre-Puente De La Morena,11800,19.398946,-99.183254,Escandón,287 13 DE SEPTIEMBRE-PUENTE DE LA MORENA,286,287,288,311,
S/N,ESC,,BIKE,175 - Mutualismo-José Martí,,19.400806,-99.172645,Escandón,175 MUTUALISMO-JOSÉ MARTí,169,175,179,182,
S/N,ESC,,BIKE,172 - General Francisco Murguia-Jose Martí,,19.403365,-99.181553,Escandón,172 GENERAL FRANCISCO MURGUIA-JOSE MARTÍ,167,172,170,171,
S/N,ESC,,BIKE,166 - Progreso-Cda. Antonio Maceo,,19.406069,-99.183549,Escandón,166 PROGRESO-CDA. ANTONIO MACEO,170,166,172,181,
S/N,ESC,,BIKE,167 - General Salvador Alvarado-Progreso,,19.404651,-99.179375,Escandón,167 GENERAL SALVADOR ALVARADO-PROGRESO,168,167,172,178,
S/N,ESC,,"BIKE,TPV",168 - Comercio-Progreso,,19.403997,-99.1776,Escandón,168 COMERCIO-PROGRESO,167,168,169,173,
S/N,ESC,,BIKE,169 - Prosperidad-Progreso,,19.403019,-99.174934,Escandón,169 PROSPERIDAD-PROGRESO,168,169,170,175,
S/N,ESC,,BIKE,170 - Observatorio Oriente-Revolución,,19.404029,-99.184342,Escandón,170 OBSERVATORIO ORIENTE-REVOLUCIÓN,166,170,167,172,
S/N,EXI,,BIKE,383 - Luis Caracci-2da. Luis Caracci,3740,19.375764,-99.181527,Extremadura Insurgentes,383 LUIS CARACCI-2DA. LUIS CARACCI,366,383,382,387,
S/N,EXI,,BIKE,366 - Porfirio Díaz-Augusto Rodín,3740,19.378345,-99.181973,Extremadura Insurgentes,366 PORFIRIO DÍAZ-AUGUSTO RODÍN,362,366,367,368,
S/N,GPM,,BIKE,428 - Prolongación Uxmal-Av. Popocatepetl (Eje 8),3340,19.363418,-99.160353,General Pedro Maria Anaya,428 PROLONGACIÓN UXMAL-AV. POPOCATEPETL (EJE 8),427,428,430,431,
S/N,GPM,,BIKE,431 - Bruno Traven-Paz Montes De Oca,3340,19.36145,-99.15822,General Pedro Maria Anaya,431 BRUNO TRAVEN-PAZ MONTES DE OCA,428,431,429,430,
S/N,GPM,,BIKE,432 - Carrillo Pto-Golondrinas,3340,19.361296,-99.162581,General Pedro Maria Anaya,432 CARRILLO PUERTO-AV. MÉXICO-COYOACÁN,442,432,443,444,
S/N,GPM,,BIKE,444 - General Manuel Rincón-Agustín Gutierrez,3340,19.359384,-99.159425,General Pedro Maria Anaya,444 GENERAL MANUEL RINCÓN-AGUSTÍN GUTIERREZ,431,444,432,443,
S/N,GPM,,BIKE,445 - Riff-Avenida Rio Churubusco,3340,19.35827,-99.156105,General Pedro Maria Anaya,445 RIFF-AVENIDA RIO CHURUBUSCO,431,445,444,446,
S/N,GPM,,"BIKE,TPV",446 - Riff-Avenida Rio Churubusco,3340,19.3591196,-99.1561282,General Pedro Maria Anaya,446 RIFF-AVENIDA RIO CHURUBUSCO,431,446,444,445,
S/N,GRA,,BIKE,242 - Miguel de Cervantes Saavedra-Pról. Moliere,11510,19.440344,-99.20105,Granada,242 MIGUEL DE CERVANTES SAAVEDRA-PROL MOLIERE ,198,242,199,243,
S/N,GRA,,BIKE,244 - Miguel de Cervantes Saavedra-Lago Victoria,11510,19.440885,-99.193315,Granada,244 MIGUEL DE CERVANTES SAAVEDRA-LAGO VICTORIA ,196,244,243,245,
S/N,GRA,,BIKE,245 - Lago Onega-Av. Ejército Nacional,11510,19.438165,-99.190368,Granada,245 LAGO ONEGA-AV. EJERCITO NACIONAL ,196,245,200,201,
S/N,H-C,,BIKE,177 - BENJAMIN HILL-CARLOS ZETINA,,19.408841,-99.181692,Hipódromo Condesa,177 BENJAMIN HILL-CARLOS ZETINA,176,177,178,190,
S/N,H-C,,"BIKE,TPV",178 - Tamaulipas-Francisco Murguía,,19.406833,-99.180457,Hipódromo Condesa,178 TAMAULIPAS-FRANCISCO MURGUÍA,166,178,167,177,
S/N,H-C,,BIKE,073 - Campeche - Tamaulipas,06170,19.410245,-99.175612,Hipódromo Condesa,73 CAMPECHE-TAMAULIPAS,67,73,68,75,
S/N,H-C,,BIKE,075 - Alfonso Reyes - Atlixco,06170,19.408722,-99.17669,Hipódromo Condesa,75 ALFONSO REYES-ATLIXCO,73,75,77,78,
S/N,HIP,,BIKE,076 - Amsterdam - Chilpancingo,06100,19.409439,-99.170462,Hipódromo,76 AMSTERDAM-CHILPANCINGO,74,76,,,
S/N,HIP,,BIKE,077 - Choapan - Tamaulipas,06100,19.406765,-99.178321,Hipódromo,77 CHOAPAN-TAMAULIPAS,78,77,82,,
S/N,HIP,,"BIKE,TPV",078 - Benjamín Hill - Tamaulipas,06170,19.407503,-99.177382,Hipódromo,78 BENJAMIN HILL-TAMAULIPAS,77,78,82,,
S/N,HIP,,BIKE,079 - Saltillo - Alfonso Reyes,06100,19.407534,-99.174427,Hipódromo,79 SALTILLO-ALFONSO REYES,75,79,80,83,
S/N,HIP,,BIKE,080 - Nuevo León - Aguascalientes,06100,19.407307,-99.172118,Hipódromo,80 NUEVO LEON-AGUASCALIENTES,79,80,83,84,
S/N,HIP,,BIKE,081 - Aguascalientes - Insurgentes,06100,19.408006,-99.168475,Hipódromo,81 AGUASCALIENTES-INSURGENTES,76,81,84,,
S/N,HIP,,"BIKE,TPV",061 - Avenida México - Sonora,06100,19.413742,-99.169525,Hipódromo,61 AVENIDA MEXICO-SONORA,63,61,,,
S/N,HIP,,BIKE,069 - Michoacán - Amsterdam,06100,19.410733,-99.168111,Hipódromo,69 MICHOACAN-AMSTERDAM,76,69,77,,
S/N,HIP,,BIKE,059 - Popocatépetl - Amsterdam,06100,19.415121,-99.166661,Hipódromo,59 POPOCATEPETL-AMSTERDAM,55,59,56,61,
S/N,HIP,,"BIKE,TPV",083 - Nuevo León - Alfonso Reyes,06100,19.406296,-99.172117,Hipódromo,83 NUEVO LEON-ALFONSO REYES,79,83,80,,
S/N,HIP,,BIKE,084 - Chilpancingo - Tlaxcala,06100,19.40702,-99.169587,Hipódromo,84 CHILPANCINGO-TLAXCALA,81,84,83,,
S/N,HIP,,BIKE,071 - Amsterdam - Michoacan,06100,19.411423,-99.171351,Hipódromo,71 AMSTERDAM-MICHOACAN,74,71,76,,
S/N,HIP,,BIKE,064 - Sonora - Amsterdam,06100,19.412877,-99.166986,Hipódromo,64 SONORA-AMSTERDAM,61,64,69,,
S/N,HIP,,BIKE,179 - Nuevo León-Quintana Roo,,19.404452,-99.171438,Hipódromo,179 NUEVO LEÓN-QUINTANA ROO,154,179,180,182,
S/N,HIP,,BIKE,180 - Quintana Roo-Villa Hermosa,,19.404554,-99.169953,Hipódromo,180 QUINTANA ROO-VILLA HERMOSA,154,180,179,182,
S/N,HIP,,"BIKE,TPV",182 - PROGRESO-ASTRONOMOS,,19.402089,-99.17139,Hipódromo,182 PROGRESO-ASTRONOMOS,175,182,179,,
S/N,INM,,"BIKE,TPV",417 - Goya-Augusto Rodín,3920,19.373262,-99.184333,Insurgentes Mixcoac,417 GOYA-AUGUSTO RODÍN,384,417,385,386,
S/N,INM,,BIKE,418 - Galicia-Actipan,3920,19.371152,-99.183034,Insurgentes Mixcoac,418 GALICIA-ACTIPAN,388,418,417,419,
S/N,INM,,BIKE,419 - Actipan-Cadiz,3920,19.370606,-99.181502,Insurgentes Mixcoac,419 ACTIPAN-CADIZ,418,419,420,421,
S/N,INM,,BIKE,384 - Empresa-Poussin,3920,19.375873,-99.185583,Insurgentes Mixcoac,384 EMPRESA-POUSSIN,385,384,386,417,
S/N,INM,,"BIKE,TPV",385 - Poussin-Empresa,3920,19.375651,-99.18558,Insurgentes Mixcoac,385 POUSSIN-EMPRESA,384,385,386,417,
S/N,INM,,BIKE,386 - Poussin-Donatello,3920,19.37484,-99.185846,Insurgentes Mixcoac,386 POUSSIN-DONATELLO,384,386,385,417,
S/N,INM,,BIKE,387 - Cadiz-Empresa,3920,19.37455556,-99.180505555556,Insurgentes Mixcoac,387 CADIZ-EMPRESA,381,387,382,383,
S/N,INM,,BIKE,388 - Valencia-Malaga,3920,19.373038,-99.181355,Insurgentes Mixcoac,388 VALENCIA-MALAGA,387,388,389,390,
S/N,INM,,BIKE,389 - Santander-Felix Cuevas,3920,19.373528,-99.179356,Insurgentes Mixcoac,389 SANTANDER-FELIX CUEVAS,388,389,390,391,
S/N,ISB,,BIKE,345 - Miraflores-Patricio Sanz,3100,19.384498,-99.172223,Insurgentes San Borja,345 MIRAFLORES-PATRICIO SANZ,334,345,335,346,
S/N,ISB,,BIKE,346 - San Francisco-Santa Margarita,3100,19.385019,-99.174077,Insurgentes San Borja,346 SAN FRANCISCO-SANTA MARGARITA,334,346,335,345,
S/N,ISB,,BIKE,355 - California-Sacramento,3100,19.38205,-99.173291,Insurgentes San Borja,355 CALIFORNIA-SACRAMENTO,345,355,361,,
S/N,JUA,,BIKE,447 AGUSTÍN MELGAR-ZAMORA,,19.418858,-99.176776,Juárez,447 AGUSTÍN MELGAR-ZAMORA,447,447,,,
S/N,JUA,,BIKE,449 ACAPULCO-PUEBLA,,19.42018,-99.174393,Juárez,449 ACAPULCO-PUEBLA,449,449,,,
S/N,JUA,,BIKE,113 - General Prim-Versalles,06500,19.430369,-99.154419,Juárez,113 GENERAL PRIM-VERSALLES,114,113,116,,
S/N,JUA,,BIKE,114 - Lucerna-Abraham González,06500,19.428989,-99.153618,Juárez,114 LUCERNA-ABRAHAM GONZALEZ ,113,114,116,,
S/N,JUA,,BIKE,115 - Roma-Dinamarca,06500,19.429947,-99.159698,Juárez,115 ROMA-DINAMARCA ,116,115,117,118,
S/N,JUA,,BIKE,116 - Londres-Roma,06500,19.428985,-99.15664,Juárez,116 LONDRES-ROMA,115,116,118,199,
S/N,JUA,,BIKE,117 - Londres-Napoles,06500,19.427132,-99.160369,Juárez,117 LONDRES-NAPOLES ,116,117,118,120,
S/N,JUA,,BIKE,118 - Liverpool-Dinamarca,06500,19.427114,-99.158251,Juárez,118 LIVERPOOL-DINAMARCA,116,118,117,120,
S/N,JUA,,BIKE,119 - Turín-Abraham González,,19.42679,-99.15554,Juárez,119 TURÍN-ABRAHAM GONZÁLEZ,114,119,118,,
S/N,JUA,,BIKE,120 - Marsella-Nápoles,06500,19.425437,-99.159458,Juárez,120 MARSELLA-NAPOLES,117,120,118,121,
S/N,JUA,,BIKE,121 - Niza-Chapultepec,06500,19.424137,-99.161317,Juárez,121 NIZA-CHAPULTEPEC,117,121,120,,
S/N,JUA,,"BIKE,TPV",030 - Hamburgo - Genova,06500,19.426442,-99.164323,Juárez,30 HAMBURGO-GENOVA,26,30,34,35,
S/N,JUA,,BIKE,031 - Hamburgo - Insurgentes,06500,19.427838,-99.161193,Juárez,31 HAMBURGO-INSURGENTES,19,31,27,30,
S/N,JUA,,BIKE,032 - Londres - Sevilla,06500,19.422705,-99.169922,Juárez,32 LONDRES-SEVILLA,22,32,38,39,
S/N,JUA,,BIKE,033 - Londres - Florencia,06500,19.424234,-99.166431,Juárez,33 LONDRES-FLORENCIA,29,33,39,40,
S/N,JUA,,BIKE,034 - Liverpool - Genova,05600,19.424539,-99.163503,Juárez,34 LIVERPOOL-GENOVA,30,34,33,35,
S/N,JUA,,"BIKE,TPV",035 - Liverpool - Genova,06500,19.424572,-99.163123,Juárez,35 LIVERPOOL-GENOVA,30,35,34,40,
S/N,JUA,,"BIKE,TPV",022 - Reforma - Manchester,06500,19.424375,-99.172575,Juárez,22 REFORMA-MANCHESTER,14,22,15,23,28
S/N,JUA,,BIKE,023 - Reforma - Praga,06500,19.425483,-99.170414,Juárez,23 REFORMA-PRAGA,15,23,16,22,
S/N,JUA,,"BIKE,TPV",024 - Reforma- Varsovia,06500,19.426102,-99.168992,Juárez,24 REFORMA-VARSOVIA,16,24,23,,
S/N,JUA,,BIKE,025 - Reforma - Estocolmo,06500,19.426944,-99.166946,Juárez,25 REFORMA-ESTOCOLMO,17,25,18,,
S/N,JUA,,"BIKE,TPV",026 - Reforma - Versalles,06500,19.432685,-99.154726,Juárez,26 REFORMA-VERSALLES,10,26,,,
S/N,JUA,,"BIKE,TPV",027 - Reforma- Havre,06500,19.429115,-99.162614,Juárez,27 REFORMA-HAVRE,19,27,26,31,
S/N,JUA,,BIKE,028 - Toledo- Tokio,06500,19.423542,-99.172494,Juárez,28 TOLEDO-TOKIO,14,28,21,22,
S/N,LEV,,BIKE,404 - Miguel Laurent-Avenida División Del Norte,3650,19.373813,-99.157387,Letran Valle,404 MIGUEL LAURENT-AVENIDA DIVISIÓN DEL NORTE,402,404,403,405,
S/N,LEV,,BIKE,375 - Tenayuca-División Del Norte,3650,19.376865,-99.158818,Letran Valle,375 TENAYUCA-DIVISIÓN DEL NORTE,359,375,374,376,
S/N,LEV,,BIKE,376 - Pitágoras-Av. Universidad,3650,19.375442,-99.161595,Letran Valle,376 PITÁGORAS-AV. UNIVERSIDAD,374,376,375,377,
S/N,NAP,,BIKE,333 - Georgia -Carolina,3810,19.387624,-99.180978,Nápoles,333 GEORGIA -CAROLINA,330,333,332,349,
S/N,NAP,,BIKE,284 - Dakota-Vermont,3810,19.397693,-99.172981,Nápoles,284 DAKOTA-VERMONT,289,284,290,291,
S/N,NAP,,"BIKE,TPV",303 - Montesito-Av. Insurgentes,3810,19.394842,-99.173025,Nápoles,303 MONTESITO-AV. INSURGENTES,301,303,302,304,
S/N,NAP,,BIKE,304 - Montesito-Dakota,3810,19.395043,-99.173821,Nápoles,304 MONTESITO-DAKOTA,290,304,303,305,
S/N,NAP,,BIKE,309 - Pennsylvania-Arizona,3810,19.393162,-99.17956,Nápoles,309 PENNSYLVANIA-ARIZONA,308,309,310,313,
S/N,NAP,,"BIKE,TPV",306 - Dakota-Filadelfia,3810,19.393699,-99.175664,Nápoles,306 DAKOTA-FILADELFIA,305,306,307,308,
S/N,NAP,,BIKE,307 - Minesota-Dakota,3810,19.393701,-99.175834,Nápoles,307 MINESOTA-DAKOTA,305,307,306,308,
S/N,NAP,,BIKE,289 - Chicago-Yosemite,3810,19.397308,-99.174548,Nápoles,289 CHICAGO-YOSEMITE,284,289,290,304,
S/N,NAP,,BIKE,290 - Yosemite-Colorado,3810,19.396333,-99.172667,Nápoles,290 YOSEMITE-COLORADO,284,290,289,303,
S/N,NAP,,BIKE,314 - Nuerva York-Louisiana,3810,19.391647,-99.177331,Nápoles,314 NUERVA YORK-LOUISIANA,307,314,313,327,
S/N,NAP,,BIKE,315 - Alabama-Montana,3810,19.391472,-99.1736,Nápoles,315 ALABAMA-MONTANA,301,315,302,316,
S/N,NAP,,BIKE,327 - Georgia -Pennsylvania,3810,19.38885,-99.17772,Nápoles,327 GEORGIA -PENNSYLVANIA,313,327,314,326,
S/N,NAR,,BIKE,320 - Enrique Rébsamen-Luz Saviñon,3020,19.391323,-99.15936,Narvarte Poniente,320 ENRIQUE RÉBSAMEN-LUZ SAVIÑON,296,320,297,319,
S/N,NAR,,BIKE,294 - Nicolás San Juan-Eje 4 Sur Xola,3020,19.396513,-99.160924,Narvarte Poniente,294 NICOLÁS SAN JUAN-EJE 4 SUR XOLA,282,294,295,298,
S/N,NAR,,"BIKE,TPV",295 - Anaxágoras-Eje 4 Sur Xola,3020,19.396328,-99.156871,Narvarte Poniente,295 ANAXÁGORAS-EJE 4 SUR XOLA,281,295,296,297,
S/N,NAR,,BIKE,296 - Diagonal San Antonio-Enrique Rébsamen,3020,19.394283,-99.158756,Narvarte Poniente,296 DIAGONAL SAN ANTONIO-ENRIQUE RÉBSAMEN,295,296,297,320,
S/N,NAR,,BIKE,297 - Diagonal San Antonio-Enrique Rébsamen,3020,19.394412,-99.158907,Narvarte Poniente,297 DIAGONAL SAN ANTONIO-ENRIQUE RÉBSAMEN,295,297,296,320,
S/N,NAR,,"BIKE,TPV",280 - Anaxágoras-Obrero Mundial,3020,19.4015,-99.156406,Narvarte Poniente,280 ANAXÁGORAS-OBRERO MUNDIAL,276,280,277,281,
S/N,NAR,,BIKE,281 - Pitágoras-La Morena,3020,19.398532,-99.157308,Narvarte Poniente,281 PITÁGORAS-LA MORENA,276,281,280,295,
S/N,NAR,,BIKE,276 - Anaxágoras-Obrero Mundial,3020,19.401986,-99.156366,Narvarte Poniente,276 ANAXÁGORAS-OBRERO MUNDIAL,277,276,280,281,
S/N,NAR,,BIKE,339 - Enrique Rébsamen-Avenida Eugenia,3020,19.386032,-99.160548,Narvarte Poniente,339 ENRIQUE RÉBSAMEN-AVENIDA EUGENIA,322,339,340,343,
S/N,NAR,,"BIKE,TPV",340 - Anaxágoras-Avenida Eugenia,3020,19.385571,-99.158188,Narvarte Poniente,340 ANAXÁGORAS-AVENIDA EUGENIA,339,340,341,343,
S/N,NAR,,BIKE,341 - San Borja-Avenida Cuauhtemoc,3020,19.382851,-99.158204,Narvarte Poniente,341 SAN BORJA-AVENIDA CUAUHTEMOC,340,341,343,364,
S/N,NAR,,BIKE,342 - Anaxágoras-Angel Urraza Eje 6 Sur,3020,19.381076,-99.159455,Narvarte Poniente,342 ANAXÁGORAS-ANGEL URRAZA EJE 6 SUR,341,342,344,359,
S/N,NBU,,BIKE,367 - Boston -Augusto Rodín,3720,19.37946,-99.181632,Noche Buena,367 BOSTON -AUGUSTO RODÍN,362,367,363,366,
S/N,NBU,,BIKE,354 - Boston-Av. Insurgentes,3720,19.381665,-99.176685,Noche Buena,354 BOSTON-AV. INSURGENTES,353,354,361,369,
S/N,POL,,BIKE,451 CAMPOS ELÍSEOS-GOLDSMITH,,19.42902,-99.201322,Polanco,451 CAMPOS ELÍSEOS-GOLDSMITH,451,451,,,
S/N,POL,,"BIKE,TPV",233 - Julio Verne-Luis G. Urbina,11510,19.429314,-99.196965,Polanco,233 JULIO VERNE-LUIS G. URBINA ,222,233,230,231,
S/N,POL,,BIKE,239 - Rincon del Bosque-Ruben Dario,11510,19.430153,-99.181355,Polanco,239 RINCON DEL BOSQUE-RUBEN DARÍO ,226,239,247,250,
S/N,POL,,"BIKE,TPV",204- Ejercito Nacional-F.C. de Cuernavaca,,19.43855,-99.2063,Polanco,240 EJERCITO NACIONAL-F.C. DE CUERNAVACA ,198,240,241,,
S/N,POL,,BIKE,241 - Ejercito Nacional-Juan Vazquez de la Mella,,19.43862,-99.20758,Polanco,241 EJERCITO NAL-JUAN VAZQUEZ DE LA MELLA ,198,241,240,,
S/N,POL,,BIKE,235 - Campos Eliseos-Moliere,,19.42933,-99.20218,Polanco,235 CAMPOS ELISEOS-MOLIERE ,229,235,230,236,
S/N,POL,,BIKE,236 - Campos Eliseos-Moliere,,19.42944,-99.20243,Polanco,236 CAMPOS ELISEOS-MOLIERE ,229,236,230,235,
S/N,POL,,BIKE,196 - Lago Tanganica- Av. Ejército Nacional,11510,19.438349,-99.192904,Polanco,196 LAGO TANGANICA-AV. EJERCITO NACIONAL,204,196,244,245,
S/N,POL,,"BIKE,TPV",228 - Campos Elíseos-Jean de La fontaine,11510,19.427705,-99.19912,Polanco,228 CAMPOS ELÍSEOS-JEAN DE LA FONTAINE,230,228,233,235,
S/N,POL,,BIKE,229 - Dickens-Seneca,11510,19.430515,-99.203331,Polanco,229 DICKENS-SENECA,221,229,235,236,
S/N,POL,,BIKE,230 - Edgar Alan Poe-Dickens,11510,19.430098,-99.200074,Polanco,230 EDGAR ALAN POE-DICKENS,221,230,235,236,
S/N,POL,,BIKE,231 - Newton-Aristoteles,11510,19.42977,-99.19349,Polanco,231 NEWTON-ARISTOTELES ,222,231,223,234,
S/N,POL,,"BIKE,TPV",198 - Sócrates-Ejercito Nacional,,19.438168,-99.203888,Polanco,198 SÓCRATES-EJERCITO NACIONAL ,240,198,241,,
S/N,POL,,BIKE,199 - Anatole France-Av. Ejército Nacional,11510,19.437934,-99.197241,Polanco,199 ANATOLE FRANCE-AV. EJERCITO NACIONAL,196,199,202,203,
S/N,POL,,BIKE,200 - Emerson-Av. Ejército Nacional,11510,19.437596,-99.188785,Polanco,200 EMERSON-AV. EJERCITO NACIONAL,201,200,204,245,
S/N,POL,,BIKE,201 - Lope de Vega-Ejército Nacional,11510,19.437431,-99.187215,Polanco,201 LOPE DE VEGA-EJERCITO NACIONAL ,200,201,205,245,
S/N,POL,,BIKE,202 - Calderón de la Barca-Av. Homero,11510,19.43617,-99.198943,Polanco,202 CALDERON DE LA BARCA-AV. HOMERO,199,202,206,215,
S/N,POL,,BIKE,203 - Tennyson-Av. Homero,11510,19.435985,-99.194832,Polanco,203 TENNYSON-AV. HOMERO,196,203,204,210,
S/N,POL,,BIKE,205 - Taine-Homero,11510,19.435525,-99.184713,Polanco,205 TAINE-HOMERO,201,205,207,217,
S/N,POL,,"BIKE,TPV",206 - Moliere-Homero,,19.435798,-99.201419,Polanco,206 MOLIERE-HOMERO ,202,206,214,215,
S/N,POL,,BIKE,207 - Tasso-Homero,11510,19.434861,-99.183322,Polanco,207 TASSO-HOMERO ,205,207,217,226,
S/N,POL,,BIKE,208 - Hesiodo-Lamartine,11510,19.434182,-99.189835,Polanco,208 HESIODO-LAMARTINE ,211,208,212,218,
S/N,POL,,BIKE,209 - Solón-Horacio,11510,19.435478,-99.206359,Polanco,209 SOLON-HORACIO ,213,209,214,219,
S/N,POL,,BIKE,210 Eugenio Sue-Horacio,,19.434076,-99.194091,Polanco,210 EUGENIO SUE-HORACIO ,203,210,204,216,
S/N,POL,,BIKE,211 - Newton-Horacio,11510,19.433607,-99.188528,Polanco,211 NEWTON-HORACIO,208,211,212,218,
S/N,POL,,"BIKE,TPV",212 - Hegel-Horacio,11510,19.433567,-99.188096,Polanco,212 HEGEL-HORACIO ,211,212,218,224,
S/N,POL,,BIKE,213 - Horacio-FC Cuernavaca,11510,19.435197,-99.206967,Polanco,213 HORACIO-FC CUERNAVACA,209,213,214,219,
S/N,POL,,BIKE,214 - Platón-Horacio,,19.434353,-99.20322,Polanco,214 PLATÓN-HORACIO,206,214,209,215,
S/N,POL,,BIKE,215 - Edgar Alan Poe-Horacio,11510,19.43384,-99.19968,Polanco,215 EDGAR ALAN POE-HORACIO,206,215,214,221,
S/N,POL,,"BIKE,TPV",216 - Alejandro Dumas-Horacio,11510,19.433419,-99.195746,Polanco,216 ALEJANDRO DUMAS-HORACIO ,210,216,222,,
S/N,POL,,"BIKE,TPV",217 - Euler-Horacio,11510,19.432888,-99.183605,Polanco,217 EULER-AV. HORACIO ,207,217,225,226,
S/N,POL,,BIKE,218 - Hegel-Ibarbourou,11510,19.432451,-99.188033,Polanco,218 HEGEL-IBARBOUROU ,211,218,212,224,
S/N,POL,,BIKE,219 - Esopo-FC de Cuernavaca,11510,19.433542,-99.207808,Polanco,219 ESOPO-FC DE CUERNAVACA,213,219,220,227,
S/N,POL,,BIKE,220 - Plino-Presidente Masaryk,11510,19.432655,-99.205727,Polanco,220 PLINIO-PRESIDENTE MASARYK ,213,220,219,227,
S/N,POL,,"BIKE,TPV",221 - Emilio Castelar-Presidente Masaryk,11510,19.431799,-99.201565,Polanco,221 EMILIO CASTELAR-PRESIDENTE MASARYK ,215,221,230,231,
S/N,POL,,BIKE,222 - Alejandro Dumas-Presidente Masarik,11510,19.431417,-99.195774,Polanco,222 ALEJANDRO DUMAS-PRESIDENTE MASARYK,216,222,231,233,
S/N,POL,,"BIKE,TPV",223 - Newton-Presidente Masarik,,19.431242,-99.191613,Polanco,223 NEWTON-PRESIDENTE MASARYK ,222,223,224,231,
S/N,POL,,BIKE,224 - Hegel-Presidente Masaryk,11510,19.431255,-99.188065,Polanco,224 HEGEL-PRESIDENTE MASARYK,212,224,218,225,
S/N,POL,,BIKE,225 - Petrarca-Presidente Masaryk,11510,19.431172,-99.185612,Polanco,225 PETRARCA-PRESIDENTE MASARYK,224,225,226,232,
S/N,POL,,BIKE,226 - Wallon-Presidente Masaryk,11511,19.431033,-99.18222,Polanco,226 WALLON-PRESIDENTE MASARYK,217,226,239,247,
S/N,PON,,BIKE,405 - División Del Norte-Municipio Libre,3303,19.370619,-99.156626,Portales Norte,405 DIVISIÓN DEL NORTE-MUNICIPIO LIBRE,402,405,403,404,
S/N,REE,,BIKE,407 - Prolongación Xochicalco-General Emiliano Zapat,3320,19.367294,-99.158694,Residencial Emperadores,407 PROL. XOCHICALCO-GENERAL EMILIANO ZAPATA,406,407,408,410,
S/N,REE,,BIKE,408 - Prolongación Petén-General Emiliano Zapata,3320,19.36677,-99.156843,Residencial Emperadores,408 PROLONGACIÓN PETÉN-GENERAL EMILIANO ZAPATA,407,408,409,410,
S/N,R-N,,BIKE,037 - Guadalajara - Puebla,06700,19.420419,-99.172676,Roma Norte,37 GUADALAJARA-PUEBLA,28,37,38,45,
S/N,R-N,,BIKE,038 - Cozumel - PUEBLA,06700,19.420801,-99.171407,Roma Norte,38 COZUMEL-PUEBLA,28,38,32,37,
S/N,R-N,,BIKE,039 - Medellin - Chapultepec,06700,19.422484,-99.167153,Roma Norte,39 MEDELLIN-CHAPULTEPEC,33,39,42,48,
S/N,R-N,,BIKE,040 - Oaxaca - Puebla,06700,19.42223,-99.164297,Roma Norte,40 OAXACA-PUEBLA,35,40,42,,
S/N,R-N,,BIKE,056 - Alvaro Obregón - Medellin,06700,19.416959,-99.165702,Roma Norte,56 ALVARO OBREGON-MEDELLIN,47,56,51,55,
S/N,R-N,,BIKE,042 - Sinaloa - Valladolid,06700,19.420472,-99.168238,Roma Norte,42 SINALOA-VALLADOLID,39,42,47,48,51
S/N,R-N,,BIKE,051 - Colima - Oaxaca,06700,19.417995,-99.168248,Roma Norte,51 COLIMA-OAXACA,46,51,47,55,58
S/N,R-N,,BIKE,044 - Durango - Veracruz,06140,19.418057,-99.174761,Roma Norte,44 DURANGO-VERACRUZ,36,44,41,49,50
S/N,R-N,,"BIKE,TPV",045 - Durango - Sonora,06700,19.418649,-99.172127,Roma Norte,45 DURANGO-SONORA,37,45,38,41,46
S/N,R-N,,BIKE,046 - Durango - Salamanca,06700,19.419214,-99.169732,Roma Norte,46 DURANGO-SALAMANCA,42,46,45,51,54
S/N,R-N,,BIKE,125 - Morelia-Circular de Morelia,06500,19.424541,-99.156204,Roma Norte,125 MORELIA-CIRCULAR DE MORELIA,123,125,127,,
S/N,R-N,,BIKE,126 - Jalapa-Puebla,,19.422288,-99.162138,Roma Norte,126 JALAPA-PUEBLA,121,126,129,,
S/N,R-N,,BIKE,127 -  Puebla-Merida,,19.423318,-99.15833,Roma Norte,127 PUEBLA-MERIDA,130,127,,,
S/N,R-N,,"BIKE,TPV",128 - Orizaba-Río de Janeiro,06500,19.422148,-99.160645,Roma Norte,128 ORIZABA-RIO DE JANEIRO,121,128,126,127,
S/N,R-N,,BIKE,129 - Tonalá-Durango,,19.4206,-99.163312,Roma Norte,129 TONALÁ-DURANGO,126,129,131,,
S/N,R-N,,BIKE,130 - Mérida-Durango,,19.421576,-99.158015,Roma Norte,130 MÉRIDA-DURANGO,127,130,132,133,
S/N,R-N,,BIKE,131 - Colima-Jalapa,,19.419579,-99.161314,Roma Norte,131 COLIMA-JALAPA,129,131,134,,
S/N,R-N,,BIKE,132 - Colima-Frontera,,19.420667,-99.15645,Roma Norte,132 COLIMA-FRONTERA,130,132,133,135,
S/N,R-N,,BIKE,133 - Colima-Morelia,,19.421138,-99.154725,Roma Norte,133 COLIMA-MORELIA,130,133,132,135,
S/N,R-N,,"BIKE,TPV",134 - Álvaro Obregón-Orizaba,,19.418304,-99.15956,Roma Norte,134 ÁLVARO OBREGÓN-ORIZABA,131,134,136,137,
S/N,R-N,,"BIKE,TPV",135 - Álvaro Obregón-Morelia,,19.419225,-99.155099,Roma Norte,135 ÁLVARO OBREGÓN-MORELIA,132,135,133,137,
S/N,R-N,,"BIKE,TPV",136 - Tonalá-Álvaro Obregón,,19.417715,-99.162729,Roma Norte,136 ÁLVARO OBREGÓN-TONALÁ,136,136,,,
S/N,R-N,,BIKE,137 - Álvaro Obregón-Mérida,,19.418774,-99.157081,Roma Norte,137 ÁLVARO OBREGÓN-MÉRIDA,132,137,135,138,
S/N,R-N,,BIKE,138 - Guanajuato-Frontera,,19.417702,-99.155313,Roma Norte,138 GUANAJUATO-FRONTERA,135,138,140,144,
S/N,R-N,,BIKE,139 - Tonalá-Guanajuato,,19.416128,-99.162097,Roma Norte,139 TONALÁ-GUANJUATO,134,139,136,141,
S/N,R-N,,BIKE,140 - Mérida-Zacatecas,,19.416605,-99.156853,Roma Norte,140 MÉRIDA-ZACATECAS,138,140,141,144,
S/N,R-N,,"BIKE,TPV",141 - Zacatecas-Luis Cabrera,,19.415905,-99.15954,Roma Norte,141 ZACATECAS-LUIS CABRERA,139,141,140,143,
S/N,R-N,,BIKE,142 - San Luis Potosí-Eje 2 Pte. Monterrey,,19.413232,-99.164121,Roma Norte,142 SAN LUIS POTOSI-EJE 2 PTE. MONTERREY,139,142,145,146,
S/N,R-N,,BIKE,143 - Córdoba-San Luis Potosí,,19.414303,-99.157542,Roma Norte,143 CÓRDOBA-SAN LUIS POTOSÍ,141,143,144,147,
S/N,R-N,,BIKE,144 - Frontera-San Luis Potosí,,19.415192,-99.154837,Roma Norte,144 FRONTERA-SAN LUIS POTOSÍ,140,144,143,148,
S/N,R-N,,BIKE,145 - Eje 2 Sur Yucatán-Chiapas,,19.41286,-99.160661,Roma Norte,145 EJE 2 SUR YUCATÁN-CHIAPAS,142,145,147,151,
S/N,R-N,,BIKE,146 - Coahuila-Manzanillo,,19.410737,-99.165716,Roma Norte,146 COAHUILA-MANZANILLO,150,146,152,153,
S/N,R-N,,BIKE,147 - Coahuila-Orizaba,,19.412182,-99.158443,Roma Norte,147 COAHUILA-ORIZABA,145,147,149,151,
S/N,R-N,,BIKE,148 - Coahuila-Av. Cuauhtémoc,,19.412829,-99.155116,Roma Norte,148 COAHUILA-AV.CUAUHTEMOC,143,148,147,149,
S/N,R-N,,BIKE,149 - Mérida-Antonio Anza,,19.41199,-99.155699,Roma Norte,149 MÉRIDA-ANTONIO ANZA,143,149,147,148,
S/N,ROM,,BIKE,151 - Campeche-Tonalá,,19.410529,-99.160873,Roma Sur,151 CAMPECHE-TONALÁ,145,151,147,,
S/N,ROM,,"BIKE,TPV",152 - Tlacotalpan-Campecha,,19.409098,-99.167181,Roma Sur,152 TLACOTALPAN-CAMPECHE,146,152,150,157,
S/N,ROM,,BIKE,153 - Manzanillo-Tlaxcala,,19.407468,-99.165141,Roma Sur,153 MANZANILLO-TLAXCALA,154,153,157,161,
S/N,ROM,,BIKE,155 - Jalapa-Tlaxcala,,19.408218,-99.159911,Roma Sur,155 JALAPA-TLAXCALA,151,155,156,158,
S/N,ROM,,BIKE,156 - Tepic-Amenalco,,19.407121,-99.162202,Roma Sur,156 TEPIC-AMENALCO,153,156,162,,
S/N,ROM,,BIKE,157 - Tepic-Tlacotalpan,,19.406236,-99.166616,Roma Sur,157 TEPIC-TLACOTALPAN,153,157,154,161,
S/N,ROM,,"BIKE,TPV",158 - Huatabampo- Eje 1 Pte. Av. Cuauhtémoc,,19.407447,-99.155717,Roma Sur,158 HUATABAMPO-EJE 1PTE. CUAUHTÉMOC,159,158,163,,
S/N,ROM,,BIKE,159 - Huatabampo-Eje 1 Pte. Av. Cuauhtémoc,,19.407517,-99.155373,Roma Sur,159 HUATABAMPO-EJE 1 PTE. AV. CUAUHTÉMOC,158,159,163,,
S/N,ROM,,BIKE,161 - Quintana Roo-Manzanillo,,19.405533,-99.164913,Roma Sur,161 QUINTANA ROO-MANZANILLO,153,161,157,162,
S/N,ROM,,BIKE,162 - Tehuantepec-Medellín,,19.404907,-99.162485,Roma Sur,162 TEHUANTEPEC-MEDELLÍN,156,162,161,165,
S/N,ROM,,BIKE,163 - Toluca-Bajío,,19.405246,-99.156431,Roma Sur,163 TOLUCA-BAJÍO,158,163,159,165,
S/N,ROM,,BIKE,164 - Bajío-Tlacotalpan,,19.403204,-99.16596,Roma Sur,164 BAJÍO-TLACOTALPAN,157,164,161,162,
S/N,ROM,,BIKE,165 - Bajío-Eje 2 Pte. Monterrey,,19.404268,-99.160503,Roma Sur,165 BAJÍO-EJE 2 PTE. MONTERREY,156,165,162,163,
S/N,SCA,,BIKE,409 - Azores-División Del Norte,3310,19.365102,-99.155499,Santa Cruz Atoyac,409 AZORES-DIVISIÓN DEL NORTE,408,409,410,430,
S/N,SCA,,BIKE,410 - Prolongación Tajín-Prolongación Repúblicas,3310,19.36564,-99.158063,Santa Cruz Atoyac,410 PROLONGACIÓN TAJÍN-PROLONGACIÓN REPÚBLICAS,407,410,408,409,
S/N,SCA,,BIKE,411 - Parroquia-Avenida México-Coyoacan,3310,19.367864,-99.163626,Santa Cruz Atoyac,411 PARROQUIA-AVENIDA MÉXICO-COYOACAN,412,411,425,427,
S/N,SCA,,"BIKE,TPV",412 - Parroquia-Avenida Universidad,3310,19.3684182,-99.1654145,Santa Cruz Atoyac,412 PARROQUIA-AVENIDA UNIVERSIDAD,411,412,425,426,
S/N,SCA,,BIKE,406 - Parroquia Av. Mexico-Coyoacan,3310,19.367831,-99.163261,Santa Cruz Atoyac,406 PARROQUIA AV. MEXICO-COYOACAN,402,406,407,411,
S/N,SCA,,BIKE,427 - Avenida México-Coyoacan-Av. Popocatepetl (Eje,3310,19.365023,-99.162993,Santa Cruz Atoyac,427 AVENIDA MÉXICO-COYOACAN-AV. POPOCATEPETL (EJE ,411,427,412,426,
S/N,SCA,,BIKE,429 - Pirineos-Av. Popocatepetl (Eje 8),3310,19.363071,-99.158292,Santa Cruz Atoyac,429 PIRINEOS-AV. POPOCATEPETL (EJE 8),428,429,430,431,
S/N,SCA,,BIKE,430 - Tripoli-Av. Popocatepetl (Eje 8),3310,19.362139,-99.154974,Santa Cruz Atoyac,430 TRIPOLI-AV. POPOCATEPETL (EJE 8),409,430,429,431,
S/N,SCA,,BIKE,401 - San Lorenzo-Avenida Cuauhtemoc,3310,19.372147,-99.16158,Santa Cruz Atoyac,401 SAN LORENZO-AVENIDA CUAUHTEMOC,400,401,402,403,
S/N,SCA,,BIKE,403 - Uxmal-Municipio Libre,3310,19.371371,-99.158639,Santa Cruz Atoyac,403 UXMAL-MUNICIPIO LIBRE,401,403,402,405,
S/N,SMC,,"BIKE,TPV",184 - General Gómez Pedraza-Gobernador Tiburcio Montiel,,19.41479,-99.18508,San Miguel Chapultepec ,184 GRAL GÓMEZ PEDRAZA-GOBERNADOR TIBURCIO M,185,184,186,187,
S/N,SMC,,BIKE,185 - General Antonio Léon-General Pedro Antonio de los Santos,,19.4128,-99.1828,San Miguel Chapultepec ,185 GRAL ANTONIO LÉON-GRAL PEDRO A DE LOS S.,176,185,187,190,
S/N,SMC,,BIKE,186 - Gregorio V. Gelati-Francisco Molinos del C.,,19.41249,-99.18875,San Miguel Chapultepec ,186 GREGORIO V GELATI-FRANCISCO MOLINOS DEL C,187,186,188,189,
S/N,SMC,,BIKE,187 - Genral Cano-Gobernador Gregorio V. Gelati,,19.41123,-99.18551,San Miguel Chapultepec ,187 GENERAL CANO-GOBERNADOR GREGORIO V GELATI,176,187,189,190,
S/N,SMC,,"BIKE,TPV",188 - Gobernador Melchor Múzquiz-Gobernador Ignacio Esteva,,19.41171,-99.19014,San Miguel Chapultepec ,188 GDOR MELCHOR MÚZQUIZ-GDOR IGNACIO ESTEVA ,186,188,187,189,
S/N,SMC,,BIKE,189 - Gobernador Rafael Rebollar-Gobernador José Ceballos,,19.41004,-99.18798,San Miguel Chapultepec ,189 GDOR RAFAEL REBOLLAR-GDOR JOSÉ CEBALLOS,186,189,187,188,
S/N,SMC,,BIKE,190 - Gobernador Ignacio Esteva-Maestro José Vasconcelos,,19.409569,-99.183833,San Miguel Chapultepec ,190 GDOR IGNACIO ESTEVA-MTRO JOSÉ VASCONCELOS,177,190,187,,
S/N,SMC,,BIKE,191 - Gobernador Rafael Rebollar-Gobernador Vicente Eguia,,19.4079,-99.18795,San Miguel Chapultepec ,191 GDOR RAFAEL REBOLLAR-GDOR VICENTE EGUIA,176,191,189,190,
S/N,SMN,,BIKE,364 - Botichelli-Cda. De Giorgone,3700,19.383063,-99.185858,Santa María Nonoalco,364 BOTICHELLI-CDA. DE GIORGONE,351,364,352,365,
S/N,SMN,,BIKE,365 - Holbein-Avenida Revolución,3700,19.381117,-99.186687,Santa María Nonoalco,365 HOLBEIN-AVENIDA REVOLUCIÓN,352,365,363,364,
S/N,SMN,,"BIKE,TPV",352 - Tintoreto-Giorgine,3700,19.384114,-99.185447,Santa María Nonoalco,352 TINTORETO-GIORGINE,351,352,364,365,
S/N,SPP,,BIKE,351 - Calle 27-Avenida Revolución,3800,19.385751,-99.186297,San Pedro de los Pinos,351 CALLE 27-AVENIDA REVOLUCIÓN,332,351,352,364,
S/N,SPP,,"BIKE,TPV",312 - Avenida 2-Calle 7,3800,19.392634,-99.183737,San Pedro de los Pinos,312 AVENIDA 2-CALLE 7,310,312,311,328,
S/N,SPP,,BIKE,328 - Avenida 1-Calle 7,3800,19.392586,-99.184742,San Pedro de los Pinos,328 AVENIDA 1-CALLE 7,311,328,312,329,
S/N,SPP,,BIKE,329 - Calle 13-Avenida 1,3800,19.390306,-99.184812,San Pedro de los Pinos,329 CALLE 13-AVENIDA 1,312,329,328,330,
S/N,SPP,,BIKE,330 - Calle 15-Avenida Patriotismo,3800,19.389358,-99.182606,San Pedro de los Pinos,330 CALLE 15-AVENIDA PATRIOTISMO,329,330,331,332,
S/N,SPP,,BIKE,331 - Avenida 2-Calle 17,3800,19.388547,-99.183971,San Pedro de los Pinos,331 AVENIDA 2-CALLE 17,329,331,330,332,
S/N,SPP,,BIKE,332 - Sur De Calle 27-Avenida 3,3800,19.385508,-99.183809,San Pedro de los Pinos,332 SUR DE CALLE 27-AVENIDA 3,330,332,331,333,
S/N,S-R,,"BIKE,TPV",263 - Sadi Carnot - Gómez Farias,,19.436274,-99.158425,San Rafael,263 SADI CARNOT-GÓMEZ FARIAS ,85,263,86,256,
S/N,S-R,,BIKE,256 - Gómez Farías Sadi Carnot,,19.4372,-99.15816,San Rafael,256 GÓMEZ FARÍAS-SADI CARNOT ,254,256,259,,
S/N,S-R,,BIKE,257 - Manuel Maria Contreras-Villalongin,,19.4338,-99.16622,San Rafael,257 MANUEL MARIA CONTRERAS-VILLALONGIN ,183,257,255,,
S/N,S-R,,BIKE,254 - Alfonso Herrera-Miguel Shultz,,19.43935,-99.16007,San Rafael,254 ALFONSO HERRERA-MIGUEL SHULTZ ,160,254,174,256,
S/N,S-R,,BIKE,183 - Gabino Barrera-Guillermo Prieto,,19.43767,-99.16402,San Rafael,183 GABINO BARRERA-GUILLERMO PRIETO,160,183,174,255,
S/N,S-R,,BIKE,160 - Alfonzo Herrera-Gabino Barrera,,19.44025,-99.16346,San Rafael,160 ALFONSO HERRERA-GABINO BARRERA,174,160,183,254,
s/n,S-R,,BIKE,103 JOAQUÍN VELÁZQUEZ DE LEÓN-GARCÍA ICAZBALCETA,,19.441669,-99.165217,San Rafael,103 JOAQUÍN VELÁZQUEZ DE LEÓN-GARCÍA ICAZBALCETA,103,103,,,
S/N,S-R,,BIKE,085 - Rosas Moreno - Sullivan,06470,19.43425,-99.162508,San Rafael,85 ROSAS MORENO-SULLIVAN,1,85,3,12,
S/N,TAB,,"BIKE,TPV",010 - Reforma - Ramírez,06500,19.433321,-99.154752,Tabacalera,10 REFORMA-RAMIREZ,26,10,,,
S/N,TAB,,BIKE,008 - Reforma - General Prim,06500,19.431141,-99.158317,Tabacalera,8 REFORMA-GENERAL PRIM,3,8,20,86,
S/N,TAB,,"BIKE,TPV",270 - De la Republica-Ponciano Arriaga,,19.43676,-99.15387,Tabacalera,270 DE LA REPUBLICA-PONCIANO ARRIAGA ,270,270,,,
S/N,TAB,,BIKE,450 RAMOS ARIZPE-PUENTE DE ALVARADO,,19.43836,-99.152226,Tabacalera,450 RAMOS ARIZPE-PUENTE DE ALVARADO,450,450,,,
S/N,TLA,,BIKE,392 - Patricio Sanz-Felix Cuevas,3200,19.3730067,-99.1747749,Tlacoquemecatl,392 PATRICIO SANZ-FELIX CUEVAS,380,392,393,394,
S/N,TLA,,"BIKE,TPV",393 - Adolfo Prieto-Felix Cuevas,3200,19.372796,-99.172558,Tlacoquemecatl,393 ADOLFO PRIETO-FELIX CUEVAS,380,393,392,394,
S/N,TLA,,BIKE,370 - Tlacoquemecatl-Av. Insurgentes,3200,19.378818,-99.177054,Tlacoquemecatl,370 TLACOQUEMECATL-AV. INSURGENTES,361,370,369,371,
S/N,TLA,,BIKE,371 - Tlacoquemecatl-Capulin,3200,19.378542,-99.174328,Tlacoquemecatl,371 TLACOQUEMECATL-CAPULIN,361,371,369,370,
S/N,TLA,,BIKE,380 - Moras-San Lorenzo,3200,19.374876,-99.173512,Tlacoquemecatl,380 MORAS-SAN LORENZO,392,380,393,394,
S/N,TLA,,BIKE,381 - San Lorenzo-Manzanas,3200,19.375541,-99.177894,Tlacoquemecatl,381 SAN LORENZO-MANZANAS,382,381,387,389,
S/N,TLA,,BIKE,382 - San Lorenzo-Av. Insurgentes, 3200 ,19.375591,-99.178084,Tlacoquemecatl,382 SAN LORENZO-AV. INSURGENTES,381,382,387,389,
S/N,XOC,,BIKE,441 - Puente Xoco-Real De Mayorazgo,3330,19.361215,-99.167527,Xoco,441 PUENTE XOCO-REAL DE MAYORAZGO,433,441,440,442,
S/N,XOC,,"BIKE,TPV",442 - Real De Mayorazgo-Avenida México-Coyoacan,3330,19.359905,-99.1653,Xoco,442 REAL DE MAYORAZGO-AVENIDA MÉXICO-COYOACAN,432,442,443,444,
S/N,XOC,,BIKE,426 - Cerrada De Popocatepetl-Av. Popocatepetl (Eje,3330,19.365519,-99.166017,Xoco,426 CERRADA DE POPOCATEPETL-AV. POPOCATEPETL (EJE ,411,426,412,425,
